date,likes,views,comments,estimated_saves,estimated_shares,engagement_rate,video_url,caption,hashtags,mentions,manual_tags
2025-08-10,-1,349,24,0,0,23,https://scontent-dfw5-2.cdninstagram.com/o1/v/t16/f2/m86/AQNVIJqJnoPiHhyXkYiYt7M4CEW-vCvasNFokfQ_AxjsMklR8WWV4jSl-BuDk8IcBLfOD7UWlOBRO7fDqiPCJSo6U-o6Bg5KnMHMvCk.mp4?stp=dst-mp4&efg=eyJxZV9ncm91cHMiOiJbXCJpZ193ZWJfZGVsaXZlcnlfdnRzX290ZlwiXSIsInZlbmNvZGVfdGFnIjoidnRzX3ZvZF91cmxnZW4uY2xpcHMuYzIuNzIwLmJhc2VsaW5lIn0&_nc_cat=104&vs=4227340817546097_886907357&_nc_vs=HBksFQIYUmlnX3hwdl9yZWVsc19wZXJtYW5lbnRfc3JfcHJvZC9FQzQxOUQ0QzBEMDE4RDBGQTRGNjg4Q0YyMUM0MTZBQV92aWRlb19kYXNoaW5pdC5tcDQVAALIARIAFQIYOnBhc3N0aHJvdWdoX2V2ZXJzdG9yZS9HSlV2bUJfT2ZYZk5EYWtFQU1qVk5pMU81U1kxYnFfRUFBQUYVAgLIARIAKAAYABsAFQAAJsLk6oykrMY%2FFQIoAkMzLBdAUoeuFHrhSBgSZGFzaF9iYXNlbGluZV8xX3YxEQB1%2Fgdl5p0BAA%3D%3D&_nc_rid=d4fe36e3de&ccb=9-4&oh=00_AfcNbkgleyGLU7wXiFR_JLCeF38atX3I5X0HCmG17ar3Lg&oe=68E59BA9&_nc_sid=10d13b,"Where style meets precision  every stitch tells your story.
Drip that speaks louder than words. 
Not just clothes. Itâ€™s a whole mood.
Our anniversary sales still going

Shop and preorder NOW ï¿½ï¿½
ï¿½ @soss_moment 

#viral #viralreels #reelsinstagram #trending #acc #aconnectcollections  #instagramreels","viral, viralreels, reelsinstagram, trending, acc, aconnectcollections, instagramreels",soss_moment,
2025-09-02,81,317,12,12,8,113,https://scontent-bos5-1.cdninstagram.com/o1/v/t16/f2/m86/AQO-BrRcONHBJWUZ5ULm3xXX02T7Db63pWn0Y8gjdecjmVlpVnlr35xXz2nnRFjUJlKMHuJZSOGVxVtSErpkIhEoxu59w8Qs5L_s8wc.mp4?stp=dst-mp4&efg=eyJxZV9ncm91cHMiOiJbXCJpZ193ZWJfZGVsaXZlcnlfdnRzX290ZlwiXSIsInZlbmNvZGVfdGFnIjoidnRzX3ZvZF91cmxnZW4uY2xpcHMuYzIuNzIwLmJhc2VsaW5lIn0&_nc_cat=108&vs=1930012707844875_1915432881&_nc_vs=HBksFQIYUmlnX3hwdl9yZWVsc19wZXJtYW5lbnRfc3JfcHJvZC85NDREOTAxNURERENGNTI5QzVDQTIyN0U5QTRDNzNCN192aWRlb19kYXNoaW5pdC5tcDQVAALIARIAFQIYOnBhc3N0aHJvdWdoX2V2ZXJzdG9yZS9HUGg2WFNDc2NzMUVjU2tGQU5pVjhscHRjQ1FNYnFfRUFBQUYVAgLIARIAKAAYABsAFQAAJpCI3PDr%2B7FBFQIoAkMzLBdAM4AAAAAAABgSZGFzaF9iYXNlbGluZV8xX3YxEQB1%2Fgdl5p0BAA%3D%3D&_nc_rid=dfcfa81cd0&ccb=9-4&oh=00_AfckGX0BbBs7akT5Bbqc98sNwmTnzci6yiCWjgzzYKLS9w&oe=68E5960C&_nc_sid=10d13b,"The cooking and the....?

Finish the sentence

#viral #trending #acc #aconnectcollections","viral, trending, acc, aconnectcollections",,
2024-12-24,152,463,37,22,15,226,https://scontent-lga3-1.cdninstagram.com/o1/v/t16/f2/m86/AQMmxxiu5n9_-EhxkH26nAcnmbvcqv04tYQCP7MxOsyNvI2Fb5XrtvQpwli9CkU7-OR_44Xqw3zGI7ayCVUX16J-yis7bDwPXqzY7sM.mp4?stp=dst-mp4&efg=eyJxZV9ncm91cHMiOiJbXCJpZ193ZWJfZGVsaXZlcnlfdnRzX290ZlwiXSIsInZlbmNvZGVfdGFnIjoidnRzX3ZvZF91cmxnZW4uY2xpcHMuYzIuMzYwLmJhc2VsaW5lIn0&_nc_cat=103&vs=1331398534519427_2189644933&_nc_vs=HBksFQIYUmlnX3hwdl9yZWVsc19wZXJtYW5lbnRfc3JfcHJvZC84MjQyQUFCQTRFMzA4OEEwNDI4NTE5MzY2NUNFN0M4M192aWRlb19kYXNoaW5pdC5tcDQVAALIARIAFQIYOnBhc3N0aHJvdWdoX2V2ZXJzdG9yZS9HSzRSQnh4UzJwSHRLWUlNQUFYeGM0ckwyblZkYnFfRUFBQUYVAgLIARIAKAAYABsAFQAAJv6au%2BXzj5FAFQIoAkMzLBdARd3S8an75xgSZGFzaF9iYXNlbGluZV8zX3YxEQB1%2Fgdl5p0BAA%3D%3D&_nc_rid=c974207d89&ccb=9-4&oh=00_Aff5XbXunA3okI5hO1wHfKCUZhtov7O-VDi_1DcneklwQA&oe=68E58616&_nc_sid=10d13b,"@she_is_ada_ and @tobi.loba___ say ""the world is your oyster""

Shop from @a.connectcollections today ðŸ¤ŽðŸ¤
Enjoy massive discounts and instant DELIVERY ðŸ‡³ðŸ‡¬ðŸ‡³ðŸ‡¬

#viral #explore #fashion #aconnectcollections #acc #style #trending #explorepage #fashionstyle #styling #oysters #world","viral, explore, fashion, aconnectcollections, acc, style, trending, explorepage, fashionstyle, styling, oysters, world","she_is_ada_, tobi.loba___, a.connectcollections",
2024-11-24,225,967,18,33,22,298,https://scontent-lga3-2.cdninstagram.com/o1/v/t16/f2/m86/AQOKLBAIWxXj4mny2-Bjeae2BdTdea7yBl_omx7P3Y-BRJe-jM49OuAy3-_jg6PwPoGNU5v-1bK91RFWHHDIBhgR8VCwoH0sUcZhJlw.mp4?stp=dst-mp4&efg=eyJxZV9ncm91cHMiOiJbXCJpZ193ZWJfZGVsaXZlcnlfdnRzX290ZlwiXSIsInZlbmNvZGVfdGFnIjoidnRzX3ZvZF91cmxnZW4uY2xpcHMuYzIuMzYwLmJhc2VsaW5lIn0&_nc_cat=100&vs=591629720211604_3831246985&_nc_vs=HBksFQIYUmlnX3hwdl9yZWVsc19wZXJtYW5lbnRfc3JfcHJvZC80NTRFRDE4NEU3REIxMzExMzU4RjQwRjBDRTVDOTc5OV92aWRlb19kYXNoaW5pdC5tcDQVAALIARIAFQIYOnBhc3N0aHJvdWdoX2V2ZXJzdG9yZS9HSnpjNHh0Rkptb2tYd0lDQUswcHljZU5IV1U0YnFfRUFBQUYVAgLIARIAKAAYABsAFQAAJpb02tvhjYlAFQIoAkMzLBdAQSIMSbpeNRgSZGFzaF9iYXNlbGluZV8zX3YxEQB1%2Fgdl5p0BAA%3D%3D&_nc_rid=aa17013c3c&ccb=9-4&oh=00_Aff55nG7CQeKRZj-xG6vnqqWC0ftFjhvpHfjVp63s3-I8w&oe=68E57598&_nc_sid=10d13b,"PrÃªt-Ã -Porter; ready to wear, high fashion clothing
On the GO to make you stay cool, stay suited and stay CLASSY.
Style it, we make it! ðŸ¥¶ðŸ¤ŽðŸ¤
Shop ACC today!
Send a DM @a.connectcollections to PREORDER

Videographer: @soss_moment

 #viralreels #explore #viral #acc #aconnectcollections #fashion #style #trending #fashionstyle #styling #fyp #brown #white #brand #luxury","viralreels, explore, viral, acc, aconnectcollections, fashion, style, trending, fashionstyle, styling, fyp, brown, white, brand, luxury","a.connectcollections, soss_moment",
2024-08-26,136,483,22,20,13,191,https://scontent-sjc3-1.cdninstagram.com/o1/v/t16/f2/m86/AQOX58dEq9mE1_YJca8oTYJ9NhsAWKbgaj42hQvHxnlTOok6CJrasp9oVIFJdnEnvLbOlGqoYxkyHYbh6TIsVO9vZYr9uk0Rfd9JIDE.mp4?stp=dst-mp4&efg=eyJxZV9ncm91cHMiOiJbXCJpZ193ZWJfZGVsaXZlcnlfdnRzX290ZlwiXSIsInZlbmNvZGVfdGFnIjoidnRzX3ZvZF91cmxnZW4uY2xpcHMuYzEuMzYwLmJhc2VsaW5lIn0&_nc_cat=103&vs=1152689245816384_1977665049&_nc_vs=HBksFQIYUmlnX3hwdl9yZWVsc19wZXJtYW5lbnRfc3JfcHJvZC80RDQ1RTA3MEU5OUQ5M0VGOUREOTAwMzE1NTlEQzdCRl92aWRlb19kYXNoaW5pdC5tcDQVAALIARIAFQIYOnBhc3N0aHJvdWdoX2V2ZXJzdG9yZS9HRVcyUUJ2ajlxOWZoYk1EQVBlZXZTZTJjTk5yYnFfRUFBQUYVAgLIARIAKAAYABsAFQAAJvzntLLbnItAFQIoAkMzLBdAWyGJN0vGqBgSZGFzaF9iYXNlbGluZV8zX3YxEQB1%2Fgdl5p0BAA%3D%3D&_nc_rid=a98d907c79&ccb=9-4&oh=00_Afe_v8OxrRpQ1VV_G14geYReBEJMe5r2SPzohC9ntaJNDg&oe=68E59330&_nc_sid=10d13b,"Money with Happiness 
Love with Peace 
Happy birthday to meðŸ‡³ðŸ‡¬â­ï¸ðŸ‡ºðŸ‡¸
^
^
^
^
^
#life #lifestyle #instasearch #she_is_ada","life, lifestyle, instasearch, she_is_ada",,
2025-05-09,103,31,46,15,10,174,https://scontent-atl3-1.cdninstagram.com/o1/v/t16/f2/m86/AQOfKqf8JdYQTKSimEpihdv5BDD40yntFs9CZk8V4IicWimxVZcb3HE4PXTBNhBCFlLa2q7X5SzPmNXHMVEbvTJvbt0RUU8tJA14fCo.mp4?stp=dst-mp4&efg=eyJxZV9ncm91cHMiOiJbXCJpZ193ZWJfZGVsaXZlcnlfdnRzX290ZlwiXSIsInZlbmNvZGVfdGFnIjoidnRzX3ZvZF91cmxnZW4uY2xpcHMuYzIuMzYwLmJhc2VsaW5lIn0&_nc_cat=106&vs=1446142846744567_271973471&_nc_vs=HBksFQIYUmlnX3hwdl9yZWVsc19wZXJtYW5lbnRfc3JfcHJvZC9FNTQyNDNBMUFDMkFFMkEzMzZCMDc4NzAxNkQwMDlCRl92aWRlb19kYXNoaW5pdC5tcDQVAALIARIAFQIYOnBhc3N0aHJvdWdoX2V2ZXJzdG9yZS9HTm03U0IyN3FINWg5dmtOQUFfUGNqYTNOVDRGYnFfRUFBQUYVAgLIARIAKAAYABsAFQAAJoLSyJDm0sU%2FFQIoAkMzLBdASQAAAAAAABgSZGFzaF9iYXNlbGluZV8zX3YxEQB1%2Fgdl5p0BAA%3D%3D&_nc_rid=b01f3de683&ccb=9-4&oh=00_Afc8eW4dZkIOkOq5PuANE3T25gXdzKkuJ6h17LMoM42vJg&oe=68E5997F&_nc_sid=10d13b,"""The voice of ADA"" | MBAEME KAMSI ADA | cravex originals

Kamsi ada
Cravex originals 
Onifade Ayomide Abass 

@she_is_ada
@cravexoriginals 
@directorcamo 

#cravexoriginals #beliveinyourself 

Do you believe in yourself?","cravexoriginals, beliveinyourself","she_is_ada, cravexoriginals, directorcamo",
2025-09-25,79,254,13,11,7,110,https://scontent-dfw5-3.cdninstagram.com/o1/v/t16/f2/m86/AQO1OsD-oJG4RxZyWQYgix3IIBwVzFlC4UsQI4a7DwUuPGt1S54HB15T9eJvoLfoTNrG61xEP--5z057qiwsS5qWDfJGf4PX_GyoyVg.mp4?stp=dst-mp4&efg=eyJxZV9ncm91cHMiOiJbXCJpZ193ZWJfZGVsaXZlcnlfdnRzX290ZlwiXSIsInZlbmNvZGVfdGFnIjoidnRzX3ZvZF91cmxnZW4uY2xpcHMuYzIuNzIwLmJhc2VsaW5lIn0&_nc_cat=108&vs=714959494898821_3834095615&_nc_vs=HBksFQIYUmlnX3hwdl9yZWVsc19wZXJtYW5lbnRfc3JfcHJvZC8wMjQ0NEM3N0M0MTM5OTlEQzgwODg5NUI4RjM4NTBCRV92aWRlb19kYXNoaW5pdC5tcDQVAALIARIAFQIYOnBhc3N0aHJvdWdoX2V2ZXJzdG9yZS9HSUVtOFNETG1VZlRHaGNOQU50Tl91U3NvOElNYnFfRUFBQUYVAgLIARIAKAAYABsAFQAAJvLphrrUodg%2FFQIoAkMzLBdAXcZmZmZmZhgSZGFzaF9iYXNlbGluZV8xX3YxEQB1%2Fgdl5p0BAA%3D%3D&_nc_rid=bf65d15c14&ccb=9-4&oh=00_AfcdR_v4d9NKP8IcSUY-Su38fs9LDs_aNTvCQsWwP98_gg&oe=68E583D5&_nc_sid=10d13b,"SHE_IS_ADA ðŸ‡³ðŸ‡¬ðŸ‡°ðŸ‡·
Did not win the money but I won their hearts.

#pushupschallenge #strengthcore #morningjuice #she_is_ada","pushupschallenge, strengthcore, morningjuice, she_is_ada",,
2025-08-03,99,319,8,14,9,130,https://scontent-atl3-3.cdninstagram.com/o1/v/t16/f2/m86/AQN8zmwn3wruLS4yf76g8zMr9wmC3kSgP21IGsM3sdGIVf4UFDBx7klr9nBlhja9Bd9aSV3jK_dxGXk3BnjRSFmQPXPB48_dXxgO-WM.mp4?stp=dst-mp4&efg=eyJxZV9ncm91cHMiOiJbXCJpZ193ZWJfZGVsaXZlcnlfdnRzX290ZlwiXSIsInZlbmNvZGVfdGFnIjoidnRzX3ZvZF91cmxnZW4uY2xpcHMuYzIuNzIwLmJhc2VsaW5lIn0&_nc_cat=111&vs=1536324857811212_333466723&_nc_vs=HBksFQIYUmlnX3hwdl9yZWVsc19wZXJtYW5lbnRfc3JfcHJvZC84NzQ1NTNGM0Q4MDdEQ0NCOEYwRDNFQjMwN0U3OEI5OF92aWRlb19kYXNoaW5pdC5tcDQVAALIARIAFQIYOnBhc3N0aHJvdWdoX2V2ZXJzdG9yZS9HSUptWlI4Yk83YkZrSXdFQUdoc0c5TFByV3dkYnFfRUFBQUYVAgLIARIAKAAYABsAFQAAJsK%2Bj%2FqQtLM%2FFQIoAkMzLBdAQ%2BZmZmZmZhgSZGFzaF9iYXNlbGluZV8xX3YxEQB1%2Fgdl5p0BAA%3D%3D&_nc_rid=43140da220&ccb=9-4&oh=00_AffV2aZ4TKnyV4E6tE76hBscVnvJYquR7vc3ii7gK4M-Mg&oe=68E57D99&_nc_sid=10d13b,"With our 2nd Anniversary! 
Weâ€™re celebrating YOU with jaw-dropping deals 
Style, class, and savings like never before!
ï¿½ANNIVERSARY SALE STILL ONGOING 

All above products available in different colors and sizes
DM to preorder NOW ðŸ¤Ž ðŸ¤ ðŸ¤Ž ðŸ¤ 
Delivery is NATIONWIDE!

ðŸ“¸ @soss_moment
Featuring @she_is_ada @sweetmanny_01 mah_yoh_wah

#aconnectcollections #anniversarysales #StayCoolStaySuitedStayClassy 
#acc #viral #trending #viral #reelsinstagram #fashion #explorepage","aconnectcollections, anniversarysales, StayCoolStaySuitedStayClassy, acc, viral, trending, reelsinstagram, fashion, explorepage","soss_moment, she_is_ada, sweetmanny_01",
2025-09-16,0,0,0,0,0,0,https://scontent-iad3-1.cdninstagram.com/o1/v/t16/f2/m86/AQN_Z31PUnEdry-shwnFZX72QbU7jXK0y6fANd7FcQT1SvBNTyBglh_6kPfnHBjXgCRjyToTDKn0EGzmSlQOkqksbjMAdFG3X5Cjan8.mp4?stp=dst-mp4&efg=eyJxZV9ncm91cHMiOiJbXCJpZ193ZWJfZGVsaXZlcnlfdnRzX290ZlwiXSIsInZlbmNvZGVfdGFnIjoidnRzX3ZvZF91cmxnZW4uY2xpcHMuYzIuNzIwLmJhc2VsaW5lIn0&_nc_cat=104&vs=631919196428240_3358841100&_nc_vs=HBksFQIYUmlnX3hwdl9yZWVsc19wZXJtYW5lbnRfc3JfcHJvZC83MzQ0MkJGRTcwNjAzM0QyRTcwQUFBMUJBMkY1NTY4Ml92aWRlb19kYXNoaW5pdC5tcDQVAALIARIAFQIYOnBhc3N0aHJvdWdoX2V2ZXJzdG9yZS9HTEt6ckNCa0JoeFEzWDBFQURldjRDNUwzQWtmYnFfRUFBQUYVAgLIARIAKAAYABsAFQAAJvLW%2BsKb1Nc%2FFQIoAkMzLBdAGzMzMzMzMxgSZGFzaF9iYXNlbGluZV8xX3YxEQB1%2Fgdl5p0BAA%3D%3D&_nc_rid=be64a0005b&ccb=9-4&oh=00_AfeDuijJH8P9XkHS2bM-kGyzpSudHeXkQUyKbZl6PmE_fA&oe=68E57905&_nc_sid=10d13b,"Follow me and watch me become your favourite talent.â¤ï¸

#she_is_ada #instareel #discover #ada #follow","she_is_ada, instareel, discover, ada, follow",,
2024-05-18,86,599,9,12,8,115,https://scontent-lga3-1.cdninstagram.com/o1/v/t16/f2/m82/AQOjPJFey1lj20GaTwBZAkHGrvfHgdV32c4g96R_A9b4sOh7fKbwVQid1BnSqOH0xnIfSPwu9EgD8YWc5t2NmAaKXYyjknTAr1W_f10.mp4?stp=dst-mp4&efg=eyJxZV9ncm91cHMiOiJbXCJpZ193ZWJfZGVsaXZlcnlfdnRzX290ZlwiXSIsInZlbmNvZGVfdGFnIjoidnRzX3ZvZF91cmxnZW4uY2xpcHMuYzIuNzIwLmJhc2VsaW5lIn0&_nc_cat=102&vs=1554695431761095_1706172597&_nc_vs=HBksFQIYT2lnX3hwdl9yZWVsc19wZXJtYW5lbnRfcHJvZC8yRTQ2OTRBRUYwOTFGM0Y4NjlDNUNDMUI4RjgwNTU5Nl92aWRlb19kYXNoaW5pdC5tcDQVAALIARIAFQIYOnBhc3N0aHJvdWdoX2V2ZXJzdG9yZS9HTzNJZEJyTTZYWkdyeHNFQUl3eTZNaVJFZ1ZzYnFfRUFBQUYVAgLIARIAKAAYABsAFQAAJsbg7bnRu7RBFQIoAkMzLBdAK7lYEGJN0xgSZGFzaF9iYXNlbGluZV8xX3YxEQB1%2Fgdl5p0BAA%3D%3D&_nc_rid=9c1d48c03f&ccb=9-4&oh=00_AfciOwVAZl1EjwzwXlWvVJhlB42U5qBFvrCO69sLERn4zA&oe=68E5959C&_nc_sid=10d13b,"Have you figured it out?
^
^
^
^
^
^
^
^
^
^
#fyp #foryou #instareels #she_is_ada #amapiano #amapianodance #2024 #yeonjun","fyp, foryou, instareels, she_is_ada, amapiano, amapianodance, 2024, yeonjun",,
2024-06-16,55,416,0,8,5,68,https://scontent-ord5-3.cdninstagram.com/o1/v/t16/f2/m82/AQPh6j69GESqWoWl34svB7r13y_rgSkQVE9nmmePPRT2f_-ns7IjMbwEcF9W6b5wq_c465NKseS9aR47WtuFPqh7zuePZuhg3aRR88g.mp4?stp=dst-mp4&efg=eyJxZV9ncm91cHMiOiJbXCJpZ193ZWJfZGVsaXZlcnlfdnRzX290ZlwiXSIsInZlbmNvZGVfdGFnIjoidnRzX3ZvZF91cmxnZW4uY2xpcHMuYzIuNzIwLmJhc2VsaW5lIn0&_nc_cat=109&vs=374667349054048_3482194380&_nc_vs=HBksFQIYT2lnX3hwdl9yZWVsc19wZXJtYW5lbnRfcHJvZC8zQTQ2QUNCMDgxNDU3NDQ0NkFCMEVFRTFERTg2RDdCQV92aWRlb19kYXNoaW5pdC5tcDQVAALIARIAFQIYOnBhc3N0aHJvdWdoX2V2ZXJzdG9yZS9HRFdZdWhxTG9Hb1ZxWmNCQUkyZDlVeGlwV3BJYnFfRUFBQUYVAgLIARIAKAAYABsAFQAAJoaUoff9%2BYhAFQIoAkMzLBdAO%2B7ZFocrAhgSZGFzaF9iYXNlbGluZV8xX3YxEQB1%2Fgdl5p0BAA%3D%3D&_nc_rid=d5242700c5&ccb=9-4&oh=00_AfcCpQ1t2D4mSCwyl6QAK6xZcP9KPNvW3rOyOVP2AMbpPg&oe=68E57D29&_nc_sid=10d13b,"Not like I can't jog more laps if I'm lateðŸ˜­
^
^
^
^
^
^
^
^
^
^
#insta #instagood #instareels #basketball #tswalabami #amapiano #she_is_ada","insta, instagood, instareels, basketball, tswalabami, amapiano, she_is_ada",,
2024-06-02,52,293,5,7,5,69,https://scontent-dfw5-1.cdninstagram.com/o1/v/t16/f2/m82/AQNoCtPg7Kq-HU8l79yRxLH819znhluQIlP8BMJAlETGyRBxDu0at-azeZj8mgukeeBY0P32SZS_1eYeGXUi3Pgg93BhxM4Vh8waNXA.mp4?stp=dst-mp4&efg=eyJxZV9ncm91cHMiOiJbXCJpZ193ZWJfZGVsaXZlcnlfdnRzX290ZlwiXSIsInZlbmNvZGVfdGFnIjoidnRzX3ZvZF91cmxnZW4uY2xpcHMuYzIuNzIwLmJhc2VsaW5lIn0&_nc_cat=103&vs=1275704879891420_379653701&_nc_vs=HBksFQIYT2lnX3hwdl9yZWVsc19wZXJtYW5lbnRfcHJvZC83MDQ2NkEyNUFGRTFGM0IzM0YwRkNFMTczQTMyOTJBOF92aWRlb19kYXNoaW5pdC5tcDQVAALIARIAFQIYOnBhc3N0aHJvdWdoX2V2ZXJzdG9yZS9HS0hjcnhyQ2tncG9SblFCQUdVOEVyWHpzMEplYnFfRUFBQUYVAgLIARIAKAAYABsAFQAAJpjX4JOP%2BoZAFQIoAkMzLBdAMUQYk3S8ahgSZGFzaF9iYXNlbGluZV8xX3YxEQB1%2Fgdl5p0BAA%3D%3D&_nc_rid=9f9b11af60&ccb=9-4&oh=00_AffT4k5xoQxVhXz8tGaPWloJRh-MLsLpE8QY0aMSq9ICYg&oe=68E57BC6&_nc_sid=10d13b,"Never posted this oneðŸ˜®â€ðŸ’¨
^
^
^
^
^
^
^
^
^
^
#fyp #foryou #instareels #amapiano #amapiano2023 #she_is_ada #instagram #ada #videooftheday","fyp, foryou, instareels, amapiano, amapiano2023, she_is_ada, instagram, ada, videooftheday",,
2024-04-08,58,366,0,8,5,71,https://scontent-iad3-1.cdninstagram.com/o1/v/t16/f2/m82/AQOMuj-ki59QRi7Lb306o0UG8RFoHyrGwQfvN9AHfkMEkUjXYslUklYILdIqJ1x0QiyL5AsHLoNdzNmBzEc55A7dZOp4DJGJdkX3aj4.mp4?stp=dst-mp4&efg=eyJxZV9ncm91cHMiOiJbXCJpZ193ZWJfZGVsaXZlcnlfdnRzX290ZlwiXSIsInZlbmNvZGVfdGFnIjoidnRzX3ZvZF91cmxnZW4uY2xpcHMuYzIuNzIwLmJhc2VsaW5lIn0&_nc_cat=101&vs=222075524332780_369145750&_nc_vs=HBksFQIYT2lnX3hwdl9yZWVsc19wZXJtYW5lbnRfcHJvZC9ENDQ5MTE4M0I4NkM5QjU3OEI0NUQwM0IyRjNFMzRCNV92aWRlb19kYXNoaW5pdC5tcDQVAALIARIAFQIYOnBhc3N0aHJvdWdoX2V2ZXJzdG9yZS9HRkZhNWhrX0NFUk92a3NEQUtiM2ZEbGd2VG9pYnFfRUFBQUYVAgLIARIAKAAYABsAFQAAJpzInar3j5NAFQIoAkMzLBdAMCwIMSbpeRgSZGFzaF9iYXNlbGluZV8xX3YxEQB1%2Fgdl5p0BAA%3D%3D&_nc_rid=fea98a2305&ccb=9-4&oh=00_AffjXGnRZkQtP4z2UABBB7USWutFdpX8B9VQEdVjT-WwCA&oe=68E581AF&_nc_sid=10d13b,"Just Breathe ðŸ¥µ

#reels #angels #she_is_ada #tibet #dancers","reels, angels, she_is_ada, tibet, dancers",,
2024-07-07,74,483,4,11,7,96,https://scontent-mia5-1.cdninstagram.com/o1/v/t16/f2/m86/AQNY4qlvL20OaCdzGRMi_iqV2-aPhR0zuUBvjP6lEgZlwb9NcpV4faUzJ6FX0HLUBPWGOhyt2AI5LeIbSm9DcYjdbA6l9pnoDYwdcUw.mp4?stp=dst-mp4&efg=eyJxZV9ncm91cHMiOiJbXCJpZ193ZWJfZGVsaXZlcnlfdnRzX290ZlwiXSIsInZlbmNvZGVfdGFnIjoidnRzX3ZvZF91cmxnZW4uY2xpcHMuYzIuNzIwLmJhc2VsaW5lIn0&_nc_cat=104&vs=867437465447209_2829337873&_nc_vs=HBksFQIYUmlnX3hwdl9yZWVsc19wZXJtYW5lbnRfc3JfcHJvZC9CNTQ0QTYyNzMyNDMyMUVCQzE0OTY1QzUxMzE0QkFCMV92aWRlb19kYXNoaW5pdC5tcDQVAALIARIAFQIYOnBhc3N0aHJvdWdoX2V2ZXJzdG9yZS9HQWYxenhyLUJtNGhLalVFQUEyZzE5dk0tUklZYnFfRUFBQUYVAgLIARIAKAAYABsAFQAAJtT92qXCsaFAFQIoAkMzLBdASB3S8an75xgSZGFzaF9iYXNlbGluZV8xX3YxEQB1%2Fgdl5p0BAA%3D%3D&_nc_rid=71c132a0ec&ccb=9-4&oh=00_AfcEMqNBPaAM1ye2AiR5OMJKYVV8mDaGgOAsZIKVhOVk6w&oe=68E57CA2&_nc_sid=10d13b,"Always listening to NAKA, his songs are fireðŸ”¥
>
>
>
>
>
>
>
>
>
>
#naka #fiesta #instareels #she_is_ada #ada #insragram","naka, fiesta, instareels, she_is_ada, ada, insragram",,
2024-07-12,134,690,16,20,13,183,https://scontent-dfw5-1.cdninstagram.com/o1/v/t16/f2/m86/AQOFRboZ3SdPugdpMqMMILvxTtzD2vG1RCH3KcpWD-lS0btRxep_HTmMuUc7dZUS7wvUGM9VcconqwpL_jM1I8b134muoJkExgB_0Nw.mp4?stp=dst-mp4&efg=eyJxZV9ncm91cHMiOiJbXCJpZ193ZWJfZGVsaXZlcnlfdnRzX290ZlwiXSIsInZlbmNvZGVfdGFnIjoidnRzX3ZvZF91cmxnZW4uY2xpcHMuYzIuNzIwLmJhc2VsaW5lIn0&_nc_cat=105&vs=7807874452665242_2896847068&_nc_vs=HBksFQIYUmlnX3hwdl9yZWVsc19wZXJtYW5lbnRfc3JfcHJvZC9EQTQ4QTM2RTBGMEQ5NDE1NURDRUJBOTIxQjJBNUM4NV92aWRlb19kYXNoaW5pdC5tcDQVAALIARIAFQIYOnBhc3N0aHJvdWdoX2V2ZXJzdG9yZS9HSGo2dmhxcnlxVHFLVUlFQU92TUVDSklqSmNoYnFfRUFBQUYVAgLIARIAKAAYABsAFQAAJqahotzM9f8%2FFQIoAkMzLBdAQyIMSbpeNRgSZGFzaF9iYXNlbGluZV8xX3YxEQB1%2Fgdl5p0BAA%3D%3D&_nc_rid=a715a0db51&ccb=9-4&oh=00_AffkrjUj4nyirRlukBJmopuEv6gS91NEzZc-1HzokWdN0A&oe=68E574D5&_nc_sid=10d13b,"Countdown with my Tiny WaistðŸ˜­â¤ï¸
Also if you come across a video you'd like to see me dance to, you can always tag me. I'll be there
>
>
>
>
>
>
>
>
>
>
#insta #instareels #dancer #countdown #salle #ada #she_is_ada 
@callmesalle","insta, instareels, dancer, countdown, salle, ada, she_is_ada",callmesalle,
2024-03-30,-1,499,8,0,0,7,https://scontent-ord5-3.cdninstagram.com/o1/v/t16/f2/m82/AQMLiPM6f0o_zTGz5PdZUQ01zuViNW112379Ek8E3IntfwlXEiP9WGXM791WOVc7uud5OwEaTka_Peqe7CdZFAHXp4xRr1p6nanqXpQ.mp4?stp=dst-mp4&efg=eyJxZV9ncm91cHMiOiJbXCJpZ193ZWJfZGVsaXZlcnlfdnRzX290ZlwiXSIsInZlbmNvZGVfdGFnIjoidnRzX3ZvZF91cmxnZW4uY2xpcHMuYzIuNzIwLmJhc2VsaW5lIn0&_nc_cat=107&vs=327288666627340_3987875927&_nc_vs=HBksFQIYT2lnX3hwdl9yZWVsc19wZXJtYW5lbnRfcHJvZC9DNjQ0QzM4MUREOEU2NDFEMEYwMzJGNzkwNDQ4QzNBMF92aWRlb19kYXNoaW5pdC5tcDQVAALIARIAFQIYOnBhc3N0aHJvdWdoX2V2ZXJzdG9yZS9HSjQ1M2hrTDFTQTl1cDhDQUxrRURmVTNjX3RHYnFfRUFBQUYVAgLIARIAKAAYABsAFQAAJs6Rk%2FqN0tI%2FFQIoAkMzLBdAQKeuFHrhSBgSZGFzaF9iYXNlbGluZV8xX3YxEQB1%2Fgdl5p0BAA%3D%3D&_nc_rid=d7186de5cd&ccb=9-4&oh=00_AfeSWer7J6sRGWZvPAihoXoLuuaSGlyTOtM-O7oqLx_R0w&oe=68E57CD9&_nc_sid=10d13b,"Look at my mouth, what do you think I am saying?ðŸ˜…
Well I am backðŸ‡³ðŸ‡¬ðŸ‡¿ðŸ‡¦
^
^
^
^
^
#holiday #gbana #she_is_ada #instareels #danceforlife","holiday, gbana, she_is_ada, instareels, danceforlife",,
2024-06-28,49,272,0,7,4,60,https://scontent-lga3-1.cdninstagram.com/o1/v/t16/f2/m86/AQNE8NcoNSMcjizCMZ51h2p36x9kMEiSMWv00jh1JNCYqPC8lH7l2yl5xzNte_w3y6-IOEKScj06RtcLPeWYhvm3W9bnN55jsCCtJko.mp4?stp=dst-mp4&efg=eyJxZV9ncm91cHMiOiJbXCJpZ193ZWJfZGVsaXZlcnlfdnRzX290ZlwiXSIsInZlbmNvZGVfdGFnIjoidnRzX3ZvZF91cmxnZW4uY2xpcHMuYzIuNzIwLmJhc2VsaW5lIn0&_nc_cat=108&vs=1203815891039120_812901784&_nc_vs=HBksFQIYUmlnX3hwdl9yZWVsc19wZXJtYW5lbnRfc3JfcHJvZC9CNjRFRDQ3MDE3NTAyRjI0NzczQ0E5MDc1MzA0MDk4N192aWRlb19kYXNoaW5pdC5tcDQVAALIARIAFQIYOnBhc3N0aHJvdWdoX2V2ZXJzdG9yZS9HT2Rld2hwWjhIR0pwc0FCQUhUcnIxNENVVGNPYnFfRUFBQUYVAgLIARIAKAAYABsAFQAAJur%2F%2FZ%2FHqYtAFQIoAkMzLBdALN2yLQ5WBBgSZGFzaF9iYXNlbGluZV8xX3YxEQB1%2Fgdl5p0BAA%3D%3D&_nc_rid=64f28e3210&ccb=9-4&oh=00_Afda5_r5TswXDwpSdRDCMEHp549sWgAG6ZyqBQHFyEHE2Q&oe=68E5687C&_nc_sid=10d13b,"Just me dancing with the sun, join me.
>
>
>
>
>
>
>
>
>
>
>
>
#chrisbrown #energyhealing #healingenergy #instareels #she_is_ada #dancinginthesun #shadow","chrisbrown, energyhealing, healingenergy, instareels, she_is_ada, dancinginthesun, shadow",,
2022-01-26,125,214,1,18,12,156,https://scontent-dfw5-2.cdninstagram.com/o1/v/t16/f2/m86/AQPdDWyvnneoEWMZjcd94Epw8XzajncrK3eTKSKcQakmD57smA_Uf1qrsKeiSstn3qkfnf8kbtuEgUFh7y-RNGiWd_Hk5B-IBtcLTjw.mp4?stp=dst-mp4&efg=eyJxZV9ncm91cHMiOiJbXCJpZ193ZWJfZGVsaXZlcnlfdnRzX290ZlwiXSIsInZlbmNvZGVfdGFnIjoidnRzX3ZvZF91cmxnZW4uY2xpcHMuYzIuNzIwLmJhc2VsaW5lIn0&_nc_cat=100&vs=1084526976536337_1575721016&_nc_vs=HBksFQIYUmlnX3hwdl9yZWVsc19wZXJtYW5lbnRfc3JfcHJvZC9ENDRFQkRGMjEwQ0MwRjFDMTZDMTNCQUFCOTEzNTQ4MF92aWRlb19kYXNoaW5pdC5tcDQVAALIARIAFQIYOnBhc3N0aHJvdWdoX2V2ZXJzdG9yZS9HRjk5UFJCbC1NVGNuXzBBQURtZnVRQ3ZUUGN0YnFfRUFBQUYVAgLIARIAKAAYABsAFQAAJpaFhaLWv8w%2FFQIoAkMzLBdALBDlYEGJNxgSZGFzaF9iYXNlbGluZV8xX3YxEQB1%2Fgdl5p0BAA%3D%3D&_nc_rid=ccd1adf423&ccb=9-4&oh=00_Afd2ilFnCEhJq1WJIX0TYlqsY-1wUzZqUmlb9KAutw2AMA&oe=68E56C84&_nc_sid=10d13b,,,,
2023-06-18,6,21,1,0,0,7,https://scontent-phx1-1.cdninstagram.com/o1/v/t16/f2/m82/AQPxi3PMu1TW6tisu0lnKwDzglgpYND_snxKCU5kXzH70iv_2EDZxeAejHionTRw8HZ5q5OBfzFESA1A5_CxFxYvK1Syws3qKG4N2Oo.mp4?stp=dst-mp4&efg=eyJxZV9ncm91cHMiOiJbXCJpZ193ZWJfZGVsaXZlcnlfdnRzX290ZlwiXSIsInZlbmNvZGVfdGFnIjoidnRzX3ZvZF91cmxnZW4uY2xpcHMuYzIuNzIwLmJhc2VsaW5lIn0&_nc_cat=102&vs=326124513072661_1284627001&_nc_vs=HBksFQIYT2lnX3hwdl9yZWVsc19wZXJtYW5lbnRfcHJvZC81NTQyNkYxMjZBQ0NBREI1RURENTNFRjREOTQxNjY4Ml92aWRlb19kYXNoaW5pdC5tcDQVAALIARIAFQIYOnBhc3N0aHJvdWdoX2V2ZXJzdG9yZS9HSTVORlJYbWlZRTZjbjREQUhDMmRKMFRpSjlIYnFfRUFBQUYVAgLIARIAKAAYABsAFQAAJsyUtMjUmbQ%2FFQIoAkMzLBdASczMzMzMzRgSZGFzaF9iYXNlbGluZV8xX3YxEQB1%2Fgdl5p0BAA%3D%3D&_nc_rid=ad4813981a&ccb=9-4&oh=00_AfeP3mmkyb7dDP1AiZuh1f1-6IYNBz9SL6QcAp5ivPng6Q&oe=68E5950E&_nc_sid=10d13b,"Who else likes this song?ðŸ˜‚
>
>
>
>
>
>
>
>
>
>
#sheis_adah #dance #instagram #instagramreels #explore #explorepage #explorevideo #explorenigeria #exploremore #reelsvideo #remix #reelsinstagram #reelslovers #reelitfeelit #follow #watchthis #hitsongs #nigeria #france #usa","sheis_adah, dance, instagram, instagramreels, explore, explorepage, explorevideo, explorenigeria, exploremore, reelsvideo, remix, reelsinstagram, reelslovers, reelitfeelit, follow, watchthis, hitsongs, nigeria, france, usa",,
2023-11-12,48,199,0,7,4,59,https://scontent-hou1-1.cdninstagram.com/o1/v/t16/f2/m82/AQPG-zNKcJfq3Y7A8ObDRfce6rWEvBV9rOL4N0klWedmgzv7k4tPL2KXIkTL6nstcdmEFogfohoiCYg5CYTIYAyDFM7ytnYsgOOO1RI.mp4?stp=dst-mp4&efg=eyJxZV9ncm91cHMiOiJbXCJpZ193ZWJfZGVsaXZlcnlfdnRzX290ZlwiXSIsInZlbmNvZGVfdGFnIjoidnRzX3ZvZF91cmxnZW4uY2xpcHMuYzIuNzIwLmJhc2VsaW5lIn0&_nc_cat=104&vs=869021918125786_360442125&_nc_vs=HBksFQIYT2lnX3hwdl9yZWVsc19wZXJtYW5lbnRfcHJvZC9CMzQ5MjcxQUE0NjQzOEI1M0MyREYzOEZEMjk2QjI5Rl92aWRlb19kYXNoaW5pdC5tcDQVAALIARIAFQIYOnBhc3N0aHJvdWdoX2V2ZXJzdG9yZS9HTDJ6OEJmajFjSXNQNWtBQU5JaE1rVlppMFU2YnFfRUFBQUYVAgLIARIAKAAYABsAFQAAJqacyv3bzfY%2FFQIoAkMzLBdAKwAAAAAAABgSZGFzaF9iYXNlbGluZV8xX3YxEQB1%2Fgdl5p0BAA%3D%3D&_nc_rid=8ab4cfc02d&ccb=9-4&oh=00_AfdkqU8litOY9C3CIQH9r4MNQyyeCLdVz7EdrN_X36B-Lg&oe=68E58768&_nc_sid=10d13b,"I know you see me, well I can see you too âœ¨ðŸ˜ˆ
^
^
^
^
^
^
^
^
^
^
#she_is_ada #ada #explorer #bouncewhenshewalk #clapwhenshewalks #dancersofinstagram #dance #instagramreels #see #posts #instagood #instagramsmiles #insagramlove #instafashion #instagramexplorepage #instagramexplorer #seethis #watchme #doyouloveme #doyoulovedance #blue","she_is_ada, ada, explorer, bouncewhenshewalk, clapwhenshewalks, dancersofinstagram, dance, instagramreels, see, posts, instagood, instagramsmiles, insagramlove, instafashion, instagramexplorepage, instagramexplorer, seethis, watchme, doyouloveme, doyoulovedance, blue",,
2023-12-12,-1,368,6,0,0,5,https://scontent-mia3-2.cdninstagram.com/o1/v/t16/f2/m82/AQMnyPguoqJVYLLgjTp4x9Nwz_vHU0JR0wEsZDGpxI0zl80NDFqWAT8e7YHFPKkU0nL7laBUrbkHSfe70c3x-hGmnBEWPppArgF5xdU.mp4?stp=dst-mp4&efg=eyJxZV9ncm91cHMiOiJbXCJpZ193ZWJfZGVsaXZlcnlfdnRzX290ZlwiXSIsInZlbmNvZGVfdGFnIjoidnRzX3ZvZF91cmxnZW4uY2xpcHMuYzIuNzIwLmJhc2VsaW5lIn0&_nc_cat=105&vs=886239766505603_858257767&_nc_vs=HBksFQIYT2lnX3hwdl9yZWVsc19wZXJtYW5lbnRfcHJvZC8zNDRCNTdCRTFFMDEwRUIwNEE5NkE1MzIzMDhFMjJBMV92aWRlb19kYXNoaW5pdC5tcDQVAALIARIAFQIYOnBhc3N0aHJvdWdoX2V2ZXJzdG9yZS9HTXFJWmhnVldNSDZRVmNCQUJWd2YzWWNlT0JJYnFfRUFBQUYVAgLIARIAKAAYABsAFQAAJozu4KL7ocs%2FFQIoAkMzLBdANgAAAAAAABgSZGFzaF9iYXNlbGluZV8xX3YxEQB1%2Fgdl5p0BAA%3D%3D&_nc_rid=055e21c7cf&ccb=9-4&oh=00_Afc8CWxg_kK3IH_ghvPdM9et_Z8esS7MlMnUqWzmWTjLiQ&oe=68E59E60&_nc_sid=10d13b,"How many people did you see in this video? ðŸ˜‚
^
^
^
^
^
^
^
^
^
^
#mnike #mnikedancechallenge #dancer #ada #she_is_ada #explorereels #challenge #southafrica #nigeria","mnike, mnikedancechallenge, dancer, ada, she_is_ada, explorereels, challenge, southafrica, nigeria",,
2022-12-21,18,156,0,2,1,21,https://scontent-hou1-1.cdninstagram.com/o1/v/t16/f2/m82/AQOr8C6CjAPfFCeaK13VykcpPsjVB9bspysB5Q7L2YXRdKU3xuUfalgwskVmAT8NWxkvJbcngo0yCOjArkPVk2CP1zOltbU_QIMiA7A.mp4?stp=dst-mp4&efg=eyJxZV9ncm91cHMiOiJbXCJpZ193ZWJfZGVsaXZlcnlfdnRzX290ZlwiXSIsInZlbmNvZGVfdGFnIjoidnRzX3ZvZF91cmxnZW4uY2xpcHMuYzIuNzIwLmJhc2VsaW5lIn0&_nc_cat=101&vs=684834699796006_3303913697&_nc_vs=HBksFQIYT2lnX3hwdl9yZWVsc19wZXJtYW5lbnRfcHJvZC8xMzQ5Qjk2M0RCNjY3N0YwMDgyNkQ3MzhERkMyMjBBM192aWRlb19kYXNoaW5pdC5tcDQVAALIARIAFQIYOnBhc3N0aHJvdWdoX2V2ZXJzdG9yZS9HSWd5SnhNa0cyaVZiNHNVQUJEMXlGeG5GN2xOYnFfRUFBQUYVAgLIARIAKAAYABsAFQAAJuijyMizpPA%2FFQIoAkMzLBdAKAAAAAAAABgSZGFzaF9iYXNlbGluZV8xX3YxEQB1%2Fgdl5p0BAA%3D%3D&_nc_rid=d3a7dd70ba&ccb=9-4&oh=00_AfcTu3nx3OS3iHSrokp8G_9WB6odXuvfvFabWTUsADiLUQ&oe=68E57894&_nc_sid=10d13b,#reels #trending #goviral #dance,"reels, trending, goviral, dance",,
2022-12-17,70,1027,2,10,7,89,https://scontent-iad3-1.cdninstagram.com/o1/v/t16/f2/m82/AQMMy78aaXAR4H90IxuoCfbq41VWLwQibm0OlhFwCttrS7vMZiTcdTt5N88WqKe9dVEFnFaAhfP31ml8tAOzub2q17UP6MDgsz4LQIM.mp4?stp=dst-mp4&efg=eyJxZV9ncm91cHMiOiJbXCJpZ193ZWJfZGVsaXZlcnlfdnRzX290ZlwiXSIsInZlbmNvZGVfdGFnIjoidnRzX3ZvZF91cmxnZW4uY2xpcHMuYzIuNzIwLmJhc2VsaW5lIn0&_nc_cat=102&vs=693298705656354_3018707616&_nc_vs=HBksFQIYT2lnX3hwdl9yZWVsc19wZXJtYW5lbnRfcHJvZC84MDQ5NkM0RDEyNEY3MzNBQUI3RTI2QUU1QzE1MTNCOF92aWRlb19kYXNoaW5pdC5tcDQVAALIARIAFQIYOnBhc3N0aHJvdWdoX2V2ZXJzdG9yZS9HSFFvR3hOckNZMTFnT0FCQUlxbTgxYkZQMTROYnFfRUFBQUYVAgLIARIAKAAYABsAFQAAJrKE2viR7%2FI%2FFQIoAkMzLBdAO6p%2B%2Bdsi0RgSZGFzaF9iYXNlbGluZV8xX3YxEQB1%2Fgdl5p0BAA%3D%3D&_nc_rid=48ed5dc635&ccb=9-4&oh=00_AfdfK2AzGJVWYpq_YO2vFeZAqJ1tqNtdrRZ6c2xO-Guxng&oe=68E58F31&_nc_sid=10d13b,"That wasn't my best ðŸ’”ðŸ˜…
#É¢á´á´ ÉªÊ€á´€ÊŸ #dancechallenge","É¢á´á´ ÉªÊ€á´€ÊŸ, dancechallenge",,
2023-05-13,29,148,3,4,2,38,https://scontent-dfw5-3.cdninstagram.com/o1/v/t16/f2/m82/AQNVRzX53Njo24iUrRycpXL-Tp23w4gVxxrdR-uNjDILNQQwk2Ycc-JprKw0KHicWsIYq8rBy7bXqVQd-ygTm_HdTl8phIJ3igi9b4s.mp4?stp=dst-mp4&efg=eyJxZV9ncm91cHMiOiJbXCJpZ193ZWJfZGVsaXZlcnlfdnRzX290ZlwiXSIsInZlbmNvZGVfdGFnIjoidnRzX3ZvZF91cmxnZW4uY2xpcHMuYzIuNzIwLmJhc2VsaW5lIn0&_nc_cat=109&vs=1045004406471856_2716254828&_nc_vs=HBksFQIYT2lnX3hwdl9yZWVsc19wZXJtYW5lbnRfcHJvZC9DQjQzNDA4ODVGQkFBQzBCQzNCOUNFNTdERUZEMjg5Ml92aWRlb19kYXNoaW5pdC5tcDQVAALIARIAFQIYOnBhc3N0aHJvdWdoX2V2ZXJzdG9yZS9HRDFLbWhTNUF5TWlfUEFDQUFEOThXLVJablk4YnFfRUFBQUYVAgLIARIAKAAYABsAFQAAJuC4n%2B%2F6rck%2FFQIoAkMzLBdAJ5mZmZmZmhgSZGFzaF9iYXNlbGluZV8xX3YxEQB1%2Fgdl5p0BAA%3D%3D&_nc_rid=b044c4da1e&ccb=9-4&oh=00_AfckkfBzdUbDeigPMoBEy0DDW1ItVpMPB8d9xQtwUIrMEQ&oe=68E58333&_nc_sid=10d13b,"Am I too slow???
>
>
>
>
>
>
>
>
>
>
#reels #sport #basketball #basketballtraining #unilorim_connect #explorenigeria","reels, sport, basketball, basketballtraining, unilorim_connect, explorenigeria",,
2024-04-28,84,463,4,12,8,108,https://scontent-ord5-2.cdninstagram.com/o1/v/t16/f2/m82/AQMKhgypj5QG98hyo80D3YcIVodsVOo7rSUQcjN5EE6Mbr8umt4sTfbVb2Lk1-JT72ffEG8tCysHRqHh3SVOfdH4vYWGag1mdgb7sZA.mp4?stp=dst-mp4&efg=eyJxZV9ncm91cHMiOiJbXCJpZ193ZWJfZGVsaXZlcnlfdnRzX290ZlwiXSIsInZlbmNvZGVfdGFnIjoidnRzX3ZvZF91cmxnZW4uY2xpcHMuYzIuNzIwLmJhc2VsaW5lIn0&_nc_cat=102&vs=972318207752206_1442985833&_nc_vs=HBksFQIYT2lnX3hwdl9yZWVsc19wZXJtYW5lbnRfcHJvZC81QzQ1NTkxNTFGOTdFMUEzMEQ2M0EzQkRCQkI4MkY4Rl92aWRlb19kYXNoaW5pdC5tcDQVAALIARIAFQIYOnBhc3N0aHJvdWdoX2V2ZXJzdG9yZS9HQlBvTWhxS0J1SmtPeUlCQUozVTU5dktRTVFIYnFfRUFBQUYVAgLIARIAKAAYABsAFQAAJp7djfOMj5JBFQIoAkMzLBdAVAZmZmZmZhgSZGFzaF9iYXNlbGluZV8xX3YxEQB1%2Fgdl5p0BAA%3D%3D&_nc_rid=1cb4a15322&ccb=9-4&oh=00_Afehe3xEoQD3qoNuyiX6zHXc5CEnqRfcRzPUzFNmGsFGFg&oe=68E588AE&_nc_sid=10d13b,"The link below is for a YouTube video I was involved in, Y'all check it outðŸ‘‡ðŸ˜

https://youtu.be/JF0G7vchXDw?si=GAkoCUkzUZ2r9Pxf
https://youtu.be/JF0G7vchXDw?si=GAkoCUkzUZ2r9Pxf

#myfyp #fyp #insragram #instareels #basketball #vlogs #basketballtraining #basketballneverstops #basketballislife #she_is_ada","myfyp, fyp, insragram, instareels, basketball, vlogs, basketballtraining, basketballneverstops, basketballislife, she_is_ada",,
2023-09-10,56,264,4,8,5,73,https://scontent-sjc3-1.cdninstagram.com/o1/v/t16/f2/m82/AQN_vGinzejwiEEOBu-eOUwl97MsT9PWdSq9DiJbloaXoKbrS_KIllVDiy9ohToWX6c7SB06fkvKtsE92Fz7pL8VgRaTfwruItee1LA.mp4?stp=dst-mp4&efg=eyJxZV9ncm91cHMiOiJbXCJpZ193ZWJfZGVsaXZlcnlfdnRzX290ZlwiXSIsInZlbmNvZGVfdGFnIjoidnRzX3ZvZF91cmxnZW4uY2xpcHMuYzIuNzIwLmJhc2VsaW5lIn0&_nc_cat=106&vs=1304594257114467_2341721408&_nc_vs=HBksFQIYT2lnX3hwdl9yZWVsc19wZXJtYW5lbnRfcHJvZC9BMTQ1MDZFRDhDNTc5RTk2OUExOTUyOTNFNTYyQjE5QV92aWRlb19kYXNoaW5pdC5tcDQVAALIARIAFQIYOnBhc3N0aHJvdWdoX2V2ZXJzdG9yZS9HT1BiYkJhN2RjODR1UllEQUhMNnRySnJGcm94YnFfRUFBQUYVAgLIARIAKAAYABsAFQAAJqaG5LrHu5JAFQIoAkMzLBdAMTul41P3zxgSZGFzaF9iYXNlbGluZV8xX3YxEQB1%2Fgdl5p0BAA%3D%3D&_nc_rid=6355520132&ccb=9-4&oh=00_AffcGOiRZSmh497_QGm64yFpFHA9ZxCrnQAyPFIvPxwnSw&oe=68E5989F&_nc_sid=10d13b,"I love Remaâ¤ï¸
>
>
>
>
>
>
>
>
>
>
#charm #rema #remacharm #instareels #instagramreels #insta #instagramers #she.is_adah #exploreinstagram #explorepage","charm, rema, remacharm, instareels, instagramreels, insta, instagramers, she.is_adah, exploreinstagram, explorepage",,
2023-09-02,64,258,6,9,6,85,https://instagram.fmem1-1.fna.fbcdn.net/o1/v/t16/f2/m82/AQPe_josAndKHCX-8q5fPAPsHO_4IBtu4hA_eaBrrTp5PbmLlpjEvMTjlWKHidRZxUfg7bx36BY2uanHtcDhENCTcMv_STBwnfN-MMw.mp4?stp=dst-mp4&efg=eyJxZV9ncm91cHMiOiJbXCJpZ193ZWJfZGVsaXZlcnlfdnRzX290ZlwiXSIsInZlbmNvZGVfdGFnIjoidnRzX3ZvZF91cmxnZW4uY2xpcHMuYzIuNzIwLmJhc2VsaW5lIn0&_nc_cat=105&vs=316860560895717_1804580820&_nc_vs=HBksFQIYT2lnX3hwdl9yZWVsc19wZXJtYW5lbnRfcHJvZC83QTQ1OEE3NEFDM0RFN0Y4QjUzQzQ1NUM4RjMzNjA5MV92aWRlb19kYXNoaW5pdC5tcDQVAALIARIAFQIYOnBhc3N0aHJvdWdoX2V2ZXJzdG9yZS9HT3l2T2hZMTg3WEV3MjBYQUE2V3kzOGs5N3MwYnFfRUFBQUYVAgLIARIAKAAYABsAFQAAJtD4872wsYFAFQIoAkMzLBdALrtkWhysCBgSZGFzaF9iYXNlbGluZV8xX3YxEQB1%2Fgdl5p0BAA%3D%3D&_nc_rid=0307d2c10b&ccb=9-4&oh=00_AfdT-dMQTacD4mf2Ki-gYcTznLRBzozum3GT6c4p58srKQ&oe=68E569AA&_nc_sid=10d13b,"Yes Master! ðŸ˜…ðŸ”¥ Everyone watching this have a blessed day
@realstraykids @jypentertainment
>
>
>
>
>
>
>
>
>
>
#god'smenu #straykids #felix #hyunjin #leeknow #han #changbin #bangchan  #sheis_adah #kpop #explore #explorepage #reelsviral","god'smenu, straykids, felix, hyunjin, leeknow, han, changbin, bangchan, sheis_adah, kpop, explore, explorepage, reelsviral","realstraykids, jypentertainment",
